Workbook

Sheet Parametros
A1: Concepto | B1: Ene | C1: Feb | D1: Mar | E1: Abr | F1: May | G1: Jun | H1: Jul | I1: Ago | J1: Sep | K1: Oct | L1: Nov | M1: Dic
A2: Peso | B2: 0.07 | C2: 0.066 | D2: 0.071 | E2: 0.074 | F2: 0.084 | G2: 0.09 | H2: 0.104 | I2: 0.086 | J2: 0.078 | K2: 0.082 | L2: 0.091 | M2: 0.104
A5: Tienda | B5: Nombre | C5: Meta anual 2026
A6: T01 | B6: Tienda Miraflores | C6: 6590000
A7: T02 | B7: Tienda San Miguel | C7: 5980000
A8: T03 | B8: Tienda Arequipa Cayma | C8: 4740000
A9: T04 | B9: Tienda Trujillo | C9: 3880000
A10: T05 | B10: Tienda Cusco | C10: 4430000
A11: WEB | B11: Tienda online | C11: 4580000

Sheet Metas 2026
A1: Tienda | B1: Nombre | C1: Ene | D1: Feb | E1: Mar | F1: Abr | G1: May | H1: Jun | I1: Jul | J1: Ago | K1: Sep | L1: Oct | M1: Nov | N1: Dic | O1: Total año
A2: T01 | B2: Tienda Miraflores | C2: =ROUND(Parametros!$C$6*Parametros!B$2,0) -> 461300 | D2: =ROUND(Parametros!$C$6*Parametros!C$2,0) -> 434940 | E2: =ROUND(Parametros!$C$6*Parametros!D$2,0) -> 467890 | F2: =ROUND(Parametros!$C$6*Parametros!E$2,0) -> 487660 | G2: =ROUND(Parametros!$C$6*Parametros!F$2,0) -> 553560 | H2: =ROUND(Parametros!$C$6*Parametros!G$2,0) -> 593100 | I2: =ROUND(Parametros!$C$6*Parametros!H$2,0) -> 685360 | J2: =ROUND(Parametros!$C$6*Parametros!I$2,0) -> 566740 | ... N2: =ROUND(Parametros!$C$6*Parametros!M$2,0) -> 685360 | O2: =SUM(C2:N2) -> 6590000
A3: T02 | B3: Tienda San Miguel | C3: =ROUND(Parametros!$C$7*Parametros!B$2,0) -> 418600 | D3: =ROUND(Parametros!$C$7*Parametros!C$2,0) -> 394680 | E3: =ROUND(Parametros!$C$7*Parametros!D$2,0) -> 424580 | F3: =ROUND(Parametros!$C$7*Parametros!E$2,0) -> 442520 | G3: =ROUND(Parametros!$C$7*Parametros!F$2,0) -> 502320 | H3: =ROUND(Parametros!$C$7*Parametros!G$2,0) -> 538200 | I3: =ROUND(Parametros!$C$7*Parametros!H$2,0) -> 621920 | J3: =ROUND(Parametros!$C$7*Parametros!I$2,0) -> 514280 | ... N3: =ROUND(Parametros!$C$7*Parametros!M$2,0) -> 621920 | O3: =SUM(C3:N3) -> 5980000
A4: T03 | B4: Tienda Arequipa Cayma | C4: =ROUND(Parametros!$C$8*Parametros!B$2,0) -> 331800 | D4: =ROUND(Parametros!$C$8*Parametros!C$2,0) -> 312840 | E4: =ROUND(Parametros!$C$8*Parametros!D$2,0) -> 336540 | F4: =ROUND(Parametros!$C$8*Parametros!E$2,0) -> 350760 | G4: =ROUND(Parametros!$C$8*Parametros!F$2,0) -> 398160 | H4: =ROUND(Parametros!$C$8*Parametros!G$2,0) -> 426600 | I4: =ROUND(Parametros!$C$8*Parametros!H$2,0) -> 492960 | J4: =ROUND(Parametros!$C$8*Parametros!I$2,0) -> 407640 | ... N4: =ROUND(Parametros!$C$8*Parametros!M$2,0) -> 492960 | O4: =SUM(C4:N4) -> 4740000
A5: T04 | B5: Tienda Trujillo | C5: =ROUND(Parametros!$C$9*Parametros!B$2,0) -> 271600 | D5: =ROUND(Parametros!$C$9*Parametros!C$2,0) -> 256080 | E5: =ROUND(Parametros!$C$9*Parametros!D$2,0) -> 275480 | F5: =ROUND(Parametros!$C$9*Parametros!E$2,0) -> 287120 | G5: =ROUND(Parametros!$C$9*Parametros!F$2,0) -> 325920 | H5: =ROUND(Parametros!$C$9*Parametros!G$2,0) -> 349200 | I5: =ROUND(Parametros!$C$9*Parametros!H$2,0) -> 403520 | J5: =ROUND(Parametros!$C$9*Parametros!I$2,0) -> 333680 | ... N5: =ROUND(Parametros!$C$9*Parametros!M$2,0) -> 403520 | O5: =SUM(C5:N5) -> 3880000
A6: T05 | B6: Tienda Cusco | C6: =ROUND(Parametros!$C$10*Parametros!B$2,0) -> 310100 | D6: =ROUND(Parametros!$C$10*Parametros!C$2,0) -> 292380 | E6: =ROUND(Parametros!$C$10*Parametros!D$2,0) -> 314530 | F6: =ROUND(Parametros!$C$10*Parametros!E$2,0) -> 327820 | G6: =ROUND(Parametros!$C$10*Parametros!F$2,0) -> 372120 | H6: =ROUND(Parametros!$C$10*Parametros!G$2,0) -> 398700 | I6: =ROUND(Parametros!$C$10*Parametros!H$2,0) -> 460720 | J6: =ROUND(Parametros!$C$10*Parametros!I$2,0) -> 380980 | ... N6: =ROUND(Parametros!$C$10*Parametros!M$2,0) -> 460720 | O6: =SUM(C6:N6) -> 4430000
A7: WEB | B7: Tienda online | C7: =ROUND(Parametros!$C$11*Parametros!B$2,0) -> 320600 | D7: =ROUND(Parametros!$C$11*Parametros!C$2,0) -> 302280 | E7: =ROUND(Parametros!$C$11*Parametros!D$2,0) -> 325180 | F7: =ROUND(Parametros!$C$11*Parametros!E$2,0) -> 338920 | G7: =ROUND(Parametros!$C$11*Parametros!F$2,0) -> 384720 | H7: =ROUND(Parametros!$C$11*Parametros!G$2,0) -> 412200 | I7: 571000 | J7: =ROUND(Parametros!$C$11*Parametros!I$2,0) -> 393880 | K7: =ROUND(Parametros!$C$11*Parametros!J$2,0) -> 357240 | L7: =ROUND(Parametros!$C$11*Parametros!K$2,0) -> 375560 | M7: =ROUND(Parametros!$C$11*Parametros!L$2,0) -> 416780 | N7: =ROUND(Parametros!$C$11*Parametros!M$2,0) -> 476320 | O7: =SUM(C7:N7) -> 4674680
A8: TOTAL | C8: =SUM(C2:C7) -> 2114000 | D8: =SUM(D2:D7) -> 1993200 | E8: =SUM(E2:E7) -> 2144200 | F8: =SUM(F2:F7) -> 2234800 | G8: =SUM(G2:G7) -> 2536800 | H8: =SUM(H2:H7) -> 2718000 | I8: =SUM(I2:I7) -> 3235480 | J8: =SUM(J2:J7) -> 2597200 | ... O8: =SUM(O2:O7) -> 30294680
